{"0.5": {"0.001": {"mean_reward": 1.0, "mean_episode": 70.077, "iteration": 9, "time_spent": 0.009215484373271465, "policy": [0, 0, 2, 2, 2, 2, 2, 2, 1, 1, 3, 2, 1, 1, 3, 2, 1, 0, 0, 2, 1, 0, 0, 2, 1, 0, 0, 2, 1, 1, 1, 1, 1, 0, 0, 2, 2, 2, 1, 1, 1, 1, 1, 2, 3, 2, 1, 1, 3, 2, 2, 0, 0, 2, 1, 1, 2, 2, 2, 0, 0, 2, 2, 0]}, "1e-06": {"mean_reward": 1.0, "mean_episode": 70.119, "iteration": 5, "time_spent": 0.012272218242287636, "policy": [0, 0, 2, 2, 2, 2, 2, 2, 1, 1, 3, 2, 1, 1, 3, 2, 1, 0, 0, 2, 1, 0, 0, 2, 1, 0, 0, 2, 1, 1, 1, 1, 1, 0, 0, 2, 2, 2, 1, 1, 1, 1, 1, 2, 3, 2, 1, 1, 3, 2, 2, 0, 0, 2, 1, 1, 2, 2, 2, 0, 0, 2, 2, 0]}, "1e-09": {"mean_reward": 1.0, "mean_episode": 70.89, "iteration": 3, "time_spent": 0.013477909378707409, "policy": [0, 0, 2, 2, 2, 2, 2, 2, 1, 1, 3, 2, 1, 1, 3, 2, 1, 0, 0, 2, 1, 0, 0, 2, 1, 0, 0, 2, 1, 1, 1, 1, 1, 0, 0, 2, 2, 2, 1, 1, 1, 1, 1, 2, 3, 2, 1, 1, 3, 2, 2, 0, 0, 2, 1, 1, 2, 2, 2, 0, 0, 2, 2, 0]}, "1e-12": {"mean_reward": 1.0, "mean_episode": 69.29, "iteration": 5, "time_spent": 0.02504619024693966, "policy": [0, 0, 2, 2, 2, 2, 2, 2, 1, 1, 3, 2, 1, 1, 3, 2, 1, 0, 0, 2, 1, 0, 0, 2, 1, 0, 0, 2, 1, 1, 1, 1, 1, 0, 0, 2, 2, 2, 1, 1, 1, 1, 1, 2, 3, 2, 1, 1, 3, 2, 2, 0, 0, 2, 1, 1, 2, 2, 2, 0, 0, 2, 2, 0]}, "1e-15": {"mean_reward": 1.0, "mean_episode": 69.518, "iteration": 5, "time_spent": 0.03594148065894842, "policy": [0, 0, 2, 2, 2, 2, 2, 2, 1, 1, 3, 2, 1, 1, 3, 2, 1, 0, 0, 2, 1, 0, 0, 2, 1, 0, 0, 2, 1, 1, 1, 1, 1, 0, 0, 2, 2, 2, 1, 1, 1, 1, 1, 2, 3, 2, 1, 1, 3, 2, 2, 0, 0, 2, 1, 1, 2, 2, 2, 0, 0, 2, 2, 0]}}, "0.75": {"0.001": {"mean_reward": 1.0, "mean_episode": 71.058, "iteration": 11, "time_spent": 0.013233516365289688, "policy": [0, 0, 2, 2, 2, 2, 2, 2, 1, 1, 3, 2, 1, 1, 3, 2, 2, 0, 0, 2, 1, 0, 0, 2, 1, 0, 0, 2, 1, 1, 1, 1, 1, 0, 0, 2, 2, 2, 1, 1, 1, 1, 1, 2, 3, 2, 1, 1, 3, 2, 2, 0, 0, 2, 2, 1, 2, 2, 2, 0, 0, 2, 2, 0]}, "1e-06": {"mean_reward": 1.0, "mean_episode": 68.421, "iteration": 5, "time_spent": 0.022405903786420822, "policy": [0, 0, 2, 2, 2, 2, 2, 2, 1, 1, 3, 2, 1, 1, 3, 2, 2, 0, 0, 2, 1, 0, 0, 2, 1, 0, 0, 2, 1, 1, 1, 1, 1, 0, 0, 2, 2, 2, 1, 1, 1, 1, 1, 2, 3, 2, 1, 1, 3, 2, 2, 0, 0, 2, 1, 1, 2, 2, 2, 0, 0, 2, 2, 0]}, "1e-09": {"mean_reward": 1.0, "mean_episode": 70.51, "iteration": 4, "time_spent": 0.02710146550089121, "policy": [0, 0, 2, 2, 2, 2, 2, 2, 1, 1, 3, 2, 1, 1, 3, 2, 2, 0, 0, 2, 1, 0, 0, 2, 1, 0, 0, 2, 1, 1, 1, 1, 1, 0, 0, 2, 2, 2, 1, 1, 1, 1, 1, 2, 3, 2, 1, 1, 3, 2, 2, 0, 0, 2, 1, 1, 2, 2, 2, 0, 0, 2, 2, 0]}, "1e-12": {"mean_reward": 1.0, "mean_episode": 69.412, "iteration": 4, "time_spent": 0.046853313222527504, "policy": [0, 0, 2, 2, 2, 2, 2, 2, 1, 1, 3, 2, 1, 1, 3, 2, 2, 0, 0, 2, 1, 0, 0, 2, 1, 0, 0, 2, 1, 1, 1, 1, 1, 0, 0, 2, 2, 2, 1, 1, 1, 1, 1, 2, 3, 2, 1, 1, 3, 2, 2, 0, 0, 2, 1, 1, 2, 2, 2, 0, 0, 2, 2, 0]}, "1e-15": {"mean_reward": 1.0, "mean_episode": 67.609, "iteration": 5, "time_spent": 0.06073706038296223, "policy": [0, 0, 2, 2, 2, 2, 2, 2, 1, 1, 3, 2, 1, 1, 3, 2, 2, 0, 0, 2, 1, 0, 0, 2, 1, 0, 0, 2, 1, 1, 1, 1, 1, 0, 0, 2, 2, 2, 1, 1, 1, 1, 1, 2, 3, 2, 1, 1, 3, 2, 2, 0, 0, 2, 1, 1, 2, 2, 2, 0, 0, 2, 2, 0]}}, "0.9": {"0.001": {"mean_reward": 1.0, "mean_episode": 69.348, "iteration": 6, "time_spent": 0.013294820673763752, "policy": [0, 0, 2, 2, 2, 2, 2, 2, 1, 1, 3, 2, 1, 1, 3, 2, 2, 0, 0, 2, 1, 0, 0, 2, 1, 0, 0, 2, 1, 1, 1, 1, 1, 0, 0, 2, 2, 2, 1, 1, 1, 1, 1, 2, 3, 2, 1, 1, 3, 2, 2, 0, 0, 2, 1, 1, 2, 2, 2, 0, 0, 2, 2, 0]}, "1e-06": {"mean_reward": 1.0, "mean_episode": 69.2, "iteration": 6, "time_spent": 0.05144595727324486, "policy": [0, 0, 2, 2, 2, 2, 2, 2, 1, 1, 3, 2, 1, 1, 3, 2, 2, 0, 0, 2, 1, 0, 0, 2, 1, 0, 0, 2, 1, 1, 1, 1, 1, 0, 0, 2, 2, 2, 1, 1, 1, 1, 1, 2, 3, 2, 1, 1, 3, 2, 2, 0, 0, 2, 1, 1, 2, 2, 2, 0, 0, 2, 2, 0]}, "1e-09": {"mean_reward": 1.0, "mean_episode": 68.146, "iteration": 9, "time_spent": 0.1287686275318265, "policy": [0, 0, 2, 2, 2, 2, 2, 2, 1, 1, 3, 2, 1, 1, 3, 2, 2, 0, 0, 2, 1, 0, 0, 2, 1, 0, 0, 2, 1, 1, 1, 1, 1, 0, 0, 2, 2, 2, 1, 1, 1, 1, 1, 2, 3, 2, 1, 1, 3, 2, 2, 0, 0, 2, 1, 1, 2, 2, 2, 0, 0, 2, 2, 0]}, "1e-12": {"mean_reward": 1.0, "mean_episode": 70.113, "iteration": 5, "time_spent": 0.11745889112353325, "policy": [0, 0, 2, 2, 2, 2, 2, 2, 1, 1, 3, 2, 1, 1, 3, 2, 2, 0, 0, 2, 1, 0, 0, 2, 1, 0, 0, 2, 1, 1, 1, 1, 1, 0, 0, 2, 2, 2, 1, 1, 1, 1, 1, 2, 3, 2, 1, 1, 3, 2, 2, 0, 0, 2, 1, 1, 2, 2, 2, 0, 0, 2, 2, 0]}, "1e-15": {"mean_reward": 1.0, "mean_episode": 68.893, "iteration": 4, "time_spent": 0.10693791322410107, "policy": [0, 0, 2, 2, 2, 2, 2, 2, 1, 1, 3, 2, 1, 1, 3, 2, 2, 0, 0, 2, 1, 0, 0, 2, 1, 0, 0, 2, 1, 1, 1, 1, 1, 0, 0, 2, 2, 2, 1, 1, 1, 1, 1, 2, 3, 2, 1, 1, 3, 2, 2, 0, 0, 2, 1, 1, 2, 2, 2, 0, 0, 2, 2, 0]}}, "0.95": {"0.001": {"mean_reward": 1.0, "mean_episode": 69.136, "iteration": 4, "time_spent": 0.022101071663200855, "policy": [0, 0, 2, 2, 2, 2, 2, 2, 1, 1, 3, 2, 1, 1, 3, 2, 2, 0, 0, 2, 1, 0, 0, 2, 1, 0, 0, 2, 1, 1, 1, 1, 1, 0, 0, 2, 2, 2, 1, 1, 1, 1, 1, 2, 3, 2, 1, 1, 3, 2, 2, 0, 0, 2, 1, 1, 2, 2, 2, 0, 0, 2, 2, 0]}, "1e-06": {"mean_reward": 1.0, "mean_episode": 68.379, "iteration": 4, "time_spent": 0.06596310343593359, "policy": [0, 0, 2, 2, 2, 2, 2, 2, 1, 1, 3, 2, 1, 1, 3, 2, 2, 0, 0, 2, 1, 0, 0, 2, 1, 0, 0, 2, 1, 1, 1, 1, 1, 0, 0, 2, 2, 2, 1, 1, 1, 1, 1, 2, 3, 2, 1, 1, 3, 2, 2, 0, 0, 2, 1, 1, 2, 2, 2, 0, 0, 2, 2, 0]}, "1e-09": {"mean_reward": 1.0, "mean_episode": 72.093, "iteration": 5, "time_spent": 0.0853617899119854, "policy": [0, 0, 2, 2, 2, 2, 2, 2, 1, 1, 3, 2, 1, 1, 3, 2, 2, 0, 0, 2, 1, 0, 0, 2, 1, 0, 0, 2, 1, 1, 1, 1, 1, 0, 0, 2, 2, 2, 1, 1, 1, 1, 1, 2, 3, 2, 1, 1, 3, 2, 2, 0, 0, 2, 1, 1, 2, 2, 2, 0, 0, 2, 2, 0]}, "1e-12": {"mean_reward": 1.0, "mean_episode": 70.244, "iteration": 5, "time_spent": 0.19743227679282427, "policy": [0, 0, 2, 2, 2, 2, 2, 2, 1, 1, 3, 2, 1, 1, 3, 2, 2, 0, 0, 2, 1, 0, 0, 2, 1, 0, 0, 2, 1, 1, 1, 1, 1, 0, 0, 2, 2, 2, 1, 1, 1, 1, 1, 2, 3, 2, 1, 1, 3, 2, 2, 0, 0, 2, 1, 1, 2, 2, 2, 0, 0, 2, 2, 0]}, "1e-15": {"mean_reward": 1.0, "mean_episode": 67.718, "iteration": 7, "time_spent": 0.19936423655599356, "policy": [0, 0, 2, 2, 2, 2, 2, 2, 1, 1, 3, 2, 1, 1, 3, 2, 2, 0, 0, 2, 1, 0, 0, 2, 1, 0, 0, 2, 1, 1, 1, 1, 1, 0, 0, 2, 2, 2, 1, 1, 1, 1, 1, 2, 3, 2, 1, 1, 3, 2, 2, 0, 0, 2, 1, 1, 2, 2, 2, 0, 0, 2, 2, 0]}}, "0.99": {"0.001": {"mean_reward": 1.0, "mean_episode": 68.968, "iteration": 4, "time_spent": 0.042122501879930496, "policy": [0, 0, 2, 2, 2, 2, 2, 2, 1, 1, 3, 2, 1, 1, 3, 2, 2, 0, 0, 2, 1, 0, 0, 2, 1, 0, 0, 2, 2, 1, 1, 1, 1, 0, 0, 2, 2, 2, 1, 1, 1, 1, 1, 2, 3, 2, 1, 1, 3, 2, 2, 0, 0, 2, 1, 1, 2, 2, 2, 0, 0, 2, 2, 0]}, "1e-06": {"mean_reward": 1.0, "mean_episode": 70.657, "iteration": 6, "time_spent": 0.18271384947001934, "policy": [0, 0, 2, 2, 2, 2, 2, 2, 1, 1, 3, 2, 1, 1, 3, 2, 2, 0, 0, 2, 1, 0, 0, 2, 1, 0, 0, 2, 2, 1, 1, 1, 1, 0, 0, 2, 2, 2, 1, 1, 1, 1, 1, 2, 3, 2, 1, 1, 3, 2, 2, 0, 0, 2, 1, 1, 2, 2, 2, 0, 0, 2, 2, 0]}, "1e-09": {"mean_reward": 1.0, "mean_episode": 69.776, "iteration": 5, "time_spent": 0.2748059583827853, "policy": [0, 0, 2, 2, 2, 2, 2, 2, 1, 1, 3, 2, 1, 1, 3, 2, 2, 0, 0, 2, 1, 0, 0, 2, 1, 0, 0, 2, 2, 1, 1, 1, 1, 0, 0, 2, 2, 2, 1, 1, 1, 1, 1, 2, 3, 2, 1, 1, 3, 2, 2, 0, 0, 2, 1, 1, 2, 2, 2, 0, 0, 2, 2, 0]}, "1e-12": {"mean_reward": 1.0, "mean_episode": 69.119, "iteration": 6, "time_spent": 0.43901291862130165, "policy": [0, 0, 2, 2, 2, 2, 2, 2, 1, 1, 3, 2, 1, 1, 3, 2, 2, 0, 0, 2, 1, 0, 0, 2, 1, 0, 0, 2, 2, 1, 1, 1, 1, 0, 0, 2, 2, 2, 1, 1, 1, 1, 1, 2, 3, 2, 1, 1, 3, 2, 2, 0, 0, 2, 1, 1, 2, 2, 2, 0, 0, 2, 2, 0]}, "1e-15": {"mean_reward": 1.0, "mean_episode": 69.926, "iteration": 7, "time_spent": 0.6638922700658441, "policy": [0, 0, 2, 2, 2, 2, 2, 2, 1, 1, 3, 2, 1, 1, 3, 2, 2, 0, 0, 2, 1, 0, 0, 2, 1, 0, 0, 2, 2, 1, 1, 1, 1, 0, 0, 2, 2, 2, 1, 1, 1, 1, 1, 2, 3, 2, 1, 1, 3, 2, 2, 0, 0, 2, 1, 1, 2, 2, 2, 0, 0, 2, 2, 0]}}, "0.9999": {"0.001": {"mean_reward": 1.0, "mean_episode": 68.319, "iteration": 8, "time_spent": 0.05032440274953842,