{"0.5": {"0.001": {"mean_reward": 0.0, "mean_episode": 1000.0, "iteration": 8, "time_spent": 0.003978188149631023, "policy": [0.0, 0.0, 0.0, 0.0, 0.0, 0.0, 1.0, 2.0, 0.0, 0.0, 0.0, 0.0, 0.0, 1.0, 1.0, 1.0, 0.0, 0.0, 0.0, 0.0, 1.0, 0.0, 0.0, 2.0, 0.0, 0.0, 0.0, 1.0, 1.0, 1.0, 1.0, 1.0, 0.0, 0.0, 0.0, 1.0, 2.0, 1.0, 1.0, 1.0, 0.0, 1.0, 1.0, 2.0, 3.0, 2.0, 1.0, 1.0, 0.0, 0.0, 2.0, 0.0, 0.0, 2.0, 1.0, 1.0, 0.0, 0.0, 0.0, 0.0, 0.0, 2.0, 2.0, 0.0]}, "1e-06": {"mean_reward": 1.0, "mean_episode": 69.728, "iteration": 17, "time_spent": 0.009978588670492172, "policy": [0.0, 0.0, 2.0, 2.0, 2.0, 2.0, 2.0, 2.0, 1.0, 1.0, 3.0, 2.0, 1.0, 1.0, 3.0, 2.0, 1.0, 0.0, 0.0, 2.0, 1.0, 0.0, 0.0, 2.0, 1.0, 0.0, 0.0, 2.0, 1.0, 1.0, 1.0, 1.0, 1.0, 0.0, 0.0, 2.0, 2.0, 2.0, 1.0, 1.0, 1.0, 1.0, 1.0, 2.0, 3.0, 2.0, 1.0, 1.0, 3.0, 2.0, 2.0, 0.0, 0.0, 2.0, 1.0, 1.0, 2.0, 2.0, 2.0, 0.0, 0.0, 2.0, 2.0, 0.0]}, "1e-09": {"mean_reward": 1.0, "mean_episode": 71.778, "iteration": 26, "time_spent": 0.01418536901473999, "policy": [0.0, 0.0, 2.0, 2.0, 2.0, 2.0, 2.0, 2.0, 1.0, 1.0, 3.0, 2.0, 1.0, 1.0, 3.0, 2.0, 1.0, 0.0, 0.0, 2.0, 1.0, 0.0, 0.0, 2.0, 1.0, 0.0, 0.0, 2.0, 1.0, 1.0, 1.0, 1.0, 1.0, 0.0, 0.0, 2.0, 2.0, 2.0, 1.0, 1.0, 1.0, 1.0, 1.0, 2.0, 3.0, 2.0, 1.0, 1.0, 3.0, 2.0, 2.0, 0.0, 0.0, 2.0, 1.0, 1.0, 2.0, 2.0, 2.0, 0.0, 0.0, 2.0, 2.0, 0.0]}, "1e-12": {"mean_reward": 1.0, "mean_episode": 70.438, "iteration": 36, "time_spent": 0.019055824726819992, "policy": [0.0, 0.0, 2.0, 2.0, 2.0, 2.0, 2.0, 2.0, 1.0, 1.0, 3.0, 2.0, 1.0, 1.0, 3.0, 2.0, 1.0, 0.0, 0.0, 2.0, 1.0, 0.0, 0.0, 2.0, 1.0, 0.0, 0.0, 2.0, 1.0, 1.0, 1.0, 1.0, 1.0, 0.0, 0.0, 2.0, 2.0, 2.0, 1.0, 1.0, 1.0, 1.0, 1.0, 2.0, 3.0, 2.0, 1.0, 1.0, 3.0, 2.0, 2.0, 0.0, 0.0, 2.0, 1.0, 1.0, 2.0, 2.0, 2.0, 0.0, 0.0, 2.0, 2.0, 0.0]}, "1e-15": {"mean_reward": 1.0, "mean_episode": 69.255, "iteration": 45, "time_spent": 0.024825614877045155, "policy": [0.0, 0.0, 2.0, 2.0, 2.0, 2.0, 2.0, 2.0, 1.0, 1.0, 3.0, 2.0, 1.0, 1.0, 3.0, 2.0, 1.0, 0.0, 0.0, 2.0, 1.0, 0.0, 0.0, 2.0, 1.0, 0.0, 0.0, 2.0, 1.0, 1.0, 1.0, 1.0, 1.0, 0.0, 0.0, 2.0, 2.0, 2.0, 1.0, 1.0, 1.0, 1.0, 1.0, 2.0, 3.0, 2.0, 1.0, 1.0, 3.0, 2.0, 2.0, 0.0, 0.0, 2.0, 1.0, 1.0, 3.0, 2.0, 2.0, 0.0, 0.0, 2.0, 2.0, 0.0]}}, "0.75": {"0.001": {"mean_reward": 1.0, "mean_episode": 70.129, "iteration": 15, "time_spent": 0.007851644419133663, "policy": [0.0, 0.0, 2.0, 2.0, 2.0, 2.0, 2.0, 2.0, 1.0, 1.0, 3.0, 2.0, 1.0, 1.0, 3.0, 2.0, 1.0, 0.0, 0.0, 2.0, 1.0, 0.0, 0.0, 2.0, 1.0, 0.0, 0.0, 2.0, 1.0, 1.0, 1.0, 1.0, 1.0, 0.0, 0.0, 2.0, 2.0, 2.0, 1.0, 1.0, 1.0, 1.0, 1.0, 2.0, 3.0, 2.0, 1.0, 1.0, 3.0, 2.0, 2.0, 0.0, 0.0, 2.0, 1.0, 1.0, 3.0, 2.0, 2.0, 0.0, 0.0, 2.0, 2.0, 0.0]}, "1e-06": {"mean_reward": 1.0, "mean_episode": 70.229, "iteration": 36, "time_spent": 0.019569645635783672, "policy": [0.0, 0.0, 2.0, 2.0, 2.0, 2.0, 2.0, 2.0, 1.0, 1.0, 3.0, 2.0, 1.0, 1.0, 3.0, 2.0, 2.0, 0.0, 0.0, 2.0, 1.0, 0.0, 0.0, 2.0, 1.0, 0.0, 0.0, 2.0, 1.0, 1.0, 1.0, 1.0, 1.0, 0.0, 0.0, 2.0, 2.0, 2.0, 1.0, 1.0, 1.0, 1.0, 1.0, 2.0, 3.0, 2.0, 1.0, 1.0, 3.0, 2.0, 2.0, 0.0, 0.0, 2.0, 1.0, 1.0, 2.0, 2.0, 2.0, 0.0, 0.0, 2.0, 2.0, 0.0]}, "1e-09": {"mean_reward": 1.0, "mean_episode": 68.671, "iteration": 59, "time_spent": 0.032641125842928886, "policy": [0.0, 0.0, 2.0, 2.0, 2.0, 2.0, 2.0, 2.0, 1.0, 1.0, 3.0, 2.0, 1.0, 1.0, 3.0, 2.0, 2.0, 0.0, 0.0, 2.0, 1.0, 0.0, 0.0, 2.0, 1.0, 0.0, 0.0, 2.0, 1.0, 1.0, 1.0, 1.0, 1.0, 0.0, 0.0, 2.0, 2.0, 2.0, 1.0, 1.0, 1.0, 1.0, 1.0, 2.0, 3.0, 2.0, 1.0, 1.0, 3.0, 2.0, 2.0, 0.0, 0.0, 2.0, 1.0, 1.0, 2.0, 2.0, 2.0, 0.0, 0.0, 2.0, 2.0, 0.0]}, "1e-12": {"mean_reward": 1.0, "mean_episode": 69.526, "iteration": 81, "time_spent": 0.04345362074673176, "policy": [0.0, 0.0, 2.0, 2.0, 2.0, 2.0, 2.0, 2.0, 1.0, 1.0, 3.0, 2.0, 1.0, 1.0, 3.0, 2.0, 2.0, 0.0, 0.0, 2.0, 1.0, 0.0, 0.0, 2.0, 1.0, 0.0, 0.0, 2.0, 1.0, 1.0, 1.0, 1.0, 1.0, 0.0, 0.0, 2.0, 2.0, 2.0, 1.0, 1.0, 1.0, 1.0, 1.0, 2.0, 3.0, 2.0, 1.0, 1.0, 3.0, 2.0, 2.0, 0.0, 0.0, 2.0, 2.0, 1.0, 2.0, 2.0, 2.0, 0.0, 0.0, 2.0, 2.0, 0.0]}, "1e-15": {"mean_reward": 1.0, "mean_episode": 70.133, "iteration": 103, "time_spent": 0.05585030559450388, "policy": [0.0, 0.0, 2.0, 2.0, 2.0, 2.0, 2.0, 2.0, 1.0, 1.0, 3.0, 2.0, 1.0, 1.0, 3.0, 2.0, 2.0, 0.0, 0.0, 2.0, 1.0, 0.0, 0.0, 2.0, 1.0, 0.0, 0.0, 2.0, 1.0, 1.0, 1.0, 1.0, 1.0, 0.0, 0.0, 2.0, 2.0, 2.0, 1.0, 1.0, 1.0, 1.0, 1.0, 2.0, 3.0, 2.0, 1.0, 1.0, 3.0, 2.0, 2.0, 0.0, 0.0, 2.0, 1.0, 1.0, 2.0, 2.0, 2.0, 0.0, 0.0, 2.0, 2.0, 0.0]}}, "0.9": {"0.001": {"mean_reward": 1.0, "mean_episode": 68.53, "iteration": 32, "time_spent": 0.01723355706781149, "policy": [0.0, 0.0, 2.0, 2.0, 2.0, 2.0, 2.0, 2.0, 1.0, 1.0, 3.0, 2.0, 1.0, 1.0, 3.0, 2.0, 2.0, 0.0, 0.0, 2.0, 1.0, 0.0, 0.0, 2.0, 1.0, 0.0, 0.0, 2.0, 1.0, 1.0, 1.0, 1.0, 1.0, 0.0, 0.0, 2.0, 2.0, 2.0, 1.0, 1.0, 1.0, 1.0, 1.0, 2.0, 3.0, 2.0, 1.0, 1.0, 3.0, 2.0, 2.0, 0.0, 0.0, 2.0, 2.0, 1.0, 2.0, 2.0, 2.0, 0.0, 0.0, 2.0, 2.0, 0.0]}, "1e-06": {"mean_reward": 1.0, "mean_episode": 67.557, "iteration": 87, "time_spent": 0.04733812436461449, "policy": [0.0, 0.0, 2.0, 2.0, 2.0, 2.0, 2.0, 2.0, 1.0, 1.0, 3.0, 2.0, 1.0, 1.0, 3.0, 2.0, 2.0, 0.0, 0.0, 2.0, 1.0, 0.0, 0.0, 2.0, 1.0, 0.0, 0.0, 2.0, 1.0, 1.0, 1.0, 1.0, 1.0, 0.0, 0.0, 2.0, 2.0, 2.0, 1.0, 1.0, 1.0, 1.0, 1.0, 2.0, 3.0, 2.0, 1.0, 1.0, 3.0, 2.0, 2.0, 0.0, 0.0, 2.0, 1.0, 1.0, 2.0, 2.0, 2.0, 0.0, 0.0, 2.0, 2.0, 0.0]}, "1e-09": {"mean_reward": 1.0, "mean_episode": 69.562, "iteration": 136, "time_spent": 0.07457938604056835, "policy": [0.0, 0.0, 2.0, 2.0, 2.0, 2.0, 2.0, 2.0, 1.0, 1.0, 3.0, 2.0, 1.0, 1.0, 3.0, 2.0, 2.0, 0.0, 0.0, 2.0, 1.0, 0.0, 0.0, 2.0, 1.0, 0.0, 0.0, 2.0, 1.0, 1.0, 1.0, 1.0, 1.0, 0.0, 0.0, 2.0, 2.0, 2.0, 1.0, 1.0, 1.0, 1.0, 1.0, 2.0, 3.0, 2.0, 1.0, 1.0, 3.0, 2.0, 2.0, 0.0, 0.0, 2.0, 1.0, 1.0, 2.0, 2.0, 2.0, 0.0, 0.0, 2.0, 2.0, 0.0]}, "1e-12": {"mean_reward": 1.0, "mean_episode": 69.487, "iteration": 185, "time_spent": 0.10199670307338238, "policy": [0.0, 0.0, 2.0, 2.0, 2.0, 2.0, 2.0, 2.0, 1.0, 1.0, 3.0, 2.0, 1.0, 1.0, 3.0, 2.0, 2.0, 0.0, 0.0, 2.0, 1.0, 0.0, 0.0, 2.0, 1.0, 0.0, 0.0, 2.0, 1.0, 1.0, 1.0, 1.0, 1.0, 0.0, 0.0, 2.0, 2.0, 2.0, 1.0, 1.0, 1.0, 1.0, 1.0, 2.0, 3.0, 2.0, 1.0, 1.0, 3.0, 2.0, 2.0, 0.0, 0.0, 2.0, 1.0, 1.0, 2.0, 2.0, 2.0, 0.0, 0.0, 2.0, 2.0, 0.0]}, "1e-15": {"mean_reward": 1.0, "mean_episode": 69.627, "iteration": 234, "time_spent": 0.12862839736044407, "policy": [0.0, 0.0, 2.0, 2.0, 2.0, 2.0, 2.0, 2.0, 1.0, 1.0, 3.0, 2.0, 1.0, 1.0, 3.0, 2.0, 2.0, 0.0, 0.0, 2.0, 1.0, 0.0, 0.0, 2.0, 1.0, 0.0, 0.0, 2.0, 1.0, 1.0, 1.0, 1.0, 1.0, 0.0, 0.0, 2.0, 2.0, 2.0, 1.0, 1.0, 1.0, 1.0, 1.0, 2.0, 3.0, 2.0, 1.0, 1.0, 3.0, 2.0, 2.0, 0.0, 0.0, 2.0, 1.0, 1.0, 2.0, 2.0, 2.0, 0.0, 0.0, 2.0, 2.0, 0.0]}}, "0.95": {"0.001": {"mean_reward": 1.0, "mean_episode": 68.19, "iteration": 55, "time_spent": 0.029899347573518753, "policy": [0.0, 0.0, 2.0, 2.0, 2.0, 2.0, 2.0, 2.0, 1.0, 1.0, 3.0, 2.0, 1.0, 1.0, 3.0, 2.0, 2.0, 0.0, 0.0, 2.0, 1.0, 0.0, 0.0, 2.0, 1.0, 0.0, 0.0, 2.0, 1.0, 1.0, 1.0, 1.0, 1.0, 0.0, 0.0, 2.0, 2.0, 2.0, 1.0, 1.0, 1.0, 1.0, 1.0, 2.0, 3.0, 2.0, 1.0, 1.0, 3.0, 2.0, 2.0, 0.0, 0.0, 2.0, 1.0, 1.0, 2.0, 2.0, 2.0, 0.0, 0.0, 2.0, 2.0, 0.0]}, "1e-06": {"mean_reward": 1.0, "mean_episode": 70.797, "iteration": 141, "time_spent": 0.07914618402719498, "policy": [0.0, 0.0, 2.0, 2.0, 2.0, 2.0, 2.0, 2.0, 1.0, 1.0, 3.0, 2.0, 1.0, 1.0, 3.0, 2.0, 2.0, 0.0, 0.0, 2.0, 1.0, 0.0, 0.0, 2.0, 1.0, 0.0, 0.0, 2.0, 1.0, 1.0, 1.0, 1.0, 1.0, 0.0, 0.0, 2.0, 2.0, 2.0, 1.0, 1.0, 1.0, 1.0, 1.0, 2.0, 3.0, 2.0, 1.0, 1.0, 3.0, 2.0, 2.0, 0.0, 0.0, 2.0, 1.0, 1.0, 2.0, 2.0, 2.0, 0.0, 0.0, 2.0, 2.0, 0.0]}, "1e-09": {"mean_reward": 1.0, "mean_episode": 68.057, "iteration": 219, "time_spent": 0.11146958824247122, "policy": [0.0, 0.0, 2.0, 2.0, 2.0, 2.0, 2.0, 2.0, 1.0, 1.0, 3.0, 2.0, 1.0, 1.0, 3.0, 2.0, 2.0, 0.0, 0.0, 2.0, 1.0, 0.0, 0.0, 2.0, 1.0, 0.0, 0.0, 2.0, 1.0, 1.0, 1.0, 1.0, 1.0, 0.0, 0.0, 2.0, 2.0, 2.0, 1.0, 1.0, 1.0, 1.0, 1.0, 2.0, 3.0, 2.0, 1.0, 1.0, 3.0, 2.0, 2.0, 0.0, 0.0, 2.0, 1.0, 1.0, 2.0, 2.0, 2.0, 0.0, 0.0, 2.0, 2.0, 0.0]}, "1e-12": {"mean_reward": 1.0,